<?xml version="1.0" encoding="UTF-8"?>
<zabbix_export>
    <version>4.0</version>
    <date>2019-10-16T14:29:58Z</date>
    <value_maps>
        <value_map>
            <name>Storwize_HEALTH_STATUS</name>
            <mappings>
                <mapping>
                    <value>0</value>
                    <newvalue>ONLINE</newvalue>
                </mapping>
                <mapping>
                    <value>1</value>
                    <newvalue>OFFLINE</newvalue>
                </mapping>
                <mapping>
                    <value>2</value>
                    <newvalue>Degraded</newvalue>
                </mapping>
                <mapping>
                    <value>3</value>
                    <newvalue>Active</newvalue>
                </mapping>
                <mapping>
                    <value>4</value>
                    <newvalue>Inactive_Configured</newvalue>
                </mapping>
                <mapping>
                    <value>5</value>
                    <newvalue>Inactive_Unconfigured</newvalue>
                </mapping>
                <mapping>
                    <value>6</value>
                    <newvalue>Offline_unconfigured</newvalue>
                </mapping>
                <mapping>
                    <value>7</value>
                    <newvalue>Excluded</newvalue>
                </mapping>
                <mapping>
                    <value>8</value>
                    <newvalue>on</newvalue>
                </mapping>
                <mapping>
                    <value>9</value>
                    <newvalue>off</newvalue>
                </mapping>
                <mapping>
                    <value>10</value>
                    <newvalue>slow_flashing</newvalue>
                </mapping>
                <mapping>
                    <value>11</value>
                    <newvalue>degraded_paths</newvalue>
                </mapping>
                <mapping>
                    <value>12</value>
                    <newvalue>degraded_ports</newvalue>
                </mapping>
                <mapping>
                    <value>100</value>
                    <newvalue>Unknown</newvalue>
                </mapping>
            </mappings>
        </value_map>
    </value_maps>
</zabbix_export>
